Player,UID,Acc,Agi,Pac,Wor,Jum,Fir,Dri,Cmp,Sta,Pos,Cnt,Fre,Cor,Fin,OtB,Pas,Tec,Ant,Dec,Lon,Fla,Tck,Hea,Agg,Bra,Bal,Str,Det,Mar,Vis,Tea,Cro,Ldr,Nat,L Th,Pen,Aer,Cmd,Com,Ecc,Han,Kic,Pun,1v1,Ref,TRO,Thr,Age,Team
Beñat Unzueta,2000629411.0,13.5,16.5,14.5,8.5,12.5,9.5,12.5,5.5,11.5,4.0,4.5,6.0,7.5,3.5,11.5,9.5,12.5,10.5,7.5,5.5,13.5,3.0,4.5,5.5,9.0,8.0,7.5,3.5,0.0,6.5,3.5,6.5,12.5,9.5,4.0,17.5,0.0,0.0,0.0,0.0,0.0,0.0,0.0,0.0,0.0,0.0,0.0,19.0,abilbaoc
José Antón Garrido,2000510692.0,14.5,12.0,10.5,7.5,9.5,10.5,10.0,9.5,7.5,0.0,0.0,0.0,0.0,6.5,11.0,13.5,9.5,0.0,6.5,4.5,8.5,0.0,7.5,9.5,3.5,7.5,7.5,14.5,0.0,9.5,13.5,10.5,0.0,18.0,0.0,3.5,0.0,0.0,0.0,0.0,0.0,0.0,0.0,0.0,0.0,0.0,0.0,21.0,abilbaoc
Mikel Castelo,2000510693.0,8.0,12.5,9.5,11.5,13.5,6.5,4.5,3.0,13.5,10.5,14.5,0.0,0.0,0.0,0.0,12.0,8.5,10.5,9.5,5.5,0.0,10.5,3.5,17.0,11.5,8.5,6.5,9.5,10.5,0.0,12.5,0.0,6.0,10.0,0.0,0.0,0.0,0.0,0.0,0.0,0.0,0.0,0.0,0.0,0.0,0.0,0.0,21.0,abilbaoc
Alfredo Núñez,2000570280.0,10.5,9.5,8.5,17.5,15.5,7.0,4.0,10.0,14.5,13.5,12.5,8.5,5.5,0.0,6.5,8.5,10.5,10.5,15.5,7.5,7.5,9.5,6.5,11.5,18.0,11.5,13.0,15.0,11.5,5.5,16.5,0.0,13.5,7.5,0.0,0.0,0.0,0.0,0.0,0.0,0.0,0.0,0.0,0.0,0.0,0.0,0.0,19.0,abilbaoc
Juan Manuel Díez,2000629228.0,13.5,10.5,13.0,5.5,7.5,16.5,11.5,12.5,11.5,9.5,5.5,8.5,7.5,12.5,9.5,16.5,12.5,8.5,12.5,6.5,10.5,5.0,12.0,17.0,13.5,18.0,7.5,12.5,4.0,16.0,12.0,11.5,14.5,14.5,6.5,3.5,3.0,3.0,4.5,2.5,4.5,1.5,2.0,2.5,5.5,3.5,3.0,19.0,abilbaoc
Aritz Imaz,2000629407.0,11.5,15.5,13.5,12.5,16.0,17.5,11.5,17.5,10.5,6.5,9.0,0.0,0.0,6.5,14.5,12.5,9.5,12.5,12.5,8.5,15.0,8.5,7.5,12.5,3.5,15.5,13.5,15.5,9.0,16.5,17.5,7.5,6.5,15.5,0.0,0.0,0.0,0.0,0.0,0.0,0.0,0.0,0.0,0.0,0.0,0.0,0.0,19.0,abilbaoc
Iker Jiménez,2000629408.0,14.5,11.5,9.5,15.5,12.5,11.0,7.5,11.0,14.5,13.5,12.5,0.0,0.0,9.5,6.5,11.5,14.5,10.5,17.5,11.5,3.5,10.5,8.5,10.5,17.0,14.5,13.0,13.0,8.5,6.5,9.5,7.5,15.5,9.5,0.0,0.0,0.0,0.0,0.0,0.0,0.0,0.0,0.0,0.0,0.0,0.0,0.0,19.0,abilbaoc
Josu Jauregi,2000629409.0,13.5,14.5,14.5,15.0,9.5,12.5,8.5,8.5,14.0,11.5,12.5,0.0,0.0,2.5,6.5,8.5,11.0,13.5,15.0,6.0,5.5,16.5,11.5,7.5,5.5,12.5,13.5,13.5,10.5,13.5,13.5,4.5,10.5,11.5,0.0,0.0,0.0,0.0,0.0,0.0,0.0,0.0,0.0,0.0,0.0,0.0,0.0,19.0,abilbaoc
Didier Oyarzun,2000632730.0,14.5,14.0,10.5,13.5,11.5,14.5,10.0,13.5,12.5,4.5,4.5,9.5,5.5,9.5,10.0,16.5,10.5,10.0,15.5,5.5,5.5,8.5,5.5,19.0,13.5,11.5,12.5,13.5,0.0,14.5,11.5,11.5,6.5,16.5,8.5,7.0,0.0,0.0,0.0,0.0,0.0,0.0,0.0,0.0,0.0,0.0,0.0,18.0,abilbaoc
Hugo Bueno,28127371.0,14.0,10.0,13.0,10.0,13.0,10.0,10.0,14.0,14.0,12.0,8.0,7.0,3.5,0.0,7.0,13.0,13.0,9.0,14.0,9.0,12.0,11.0,10.0,7.0,10.0,13.0,8.0,8.0,11.0,9.0,9.0,12.0,12.0,16.0,9.0,0.0,0.0,0.0,0.0,0.0,0.0,0.0,0.0,0.0,0.0,0.0,0.0,26.0,andorra
Jesús Díaz,2000437762.0,12.0,16.5,13.0,15.5,6.0,16.0,14.5,13.0,13.5,12.0,12.0,13.0,9.0,7.0,14.5,13.5,16.5,13.5,15.5,12.5,17.0,8.5,9.0,11.5,7.0,16.0,12.0,12.0,9.0,11.5,15.5,5.5,5.5,12.5,4.0,5.5,1.5,2.0,1.5,3.0,1.0,5.5,2.5,4.0,2.0,2.5,1.5,22.0,andorra
Amador,2000440900.0,12.0,15.0,11.0,17.0,11.0,7.0,6.0,7.0,15.0,9.0,14.0,6.0,7.0,4.0,9.0,14.0,8.0,13.0,13.0,9.0,8.0,10.0,7.0,11.0,17.0,16.0,11.0,10.0,12.0,10.0,16.0,3.0,4.0,11.0,0.0,0.0,0.0,0.0,0.0,0.0,0.0,0.0,0.0,0.0,0.0,0.0,0.0,21.0,andorra
Francisco Javier Sáiz,2000679747.0,14.0,0.0,13.0,10.0,7.0,13.0,9.0,11.0,11.0,0.0,0.0,0.0,0.0,5.0,11.0,11.0,11.0,0.0,12.0,5.0,8.0,0.0,10.0,11.0,0.0,0.0,12.0,17.0,0.0,9.0,0.0,11.0,0.0,0.0,0.0,9.0,0.0,0.0,0.0,0.0,0.0,0.0,0.0,0.0,0.0,0.0,0.0,18.0,andorra
Miguel Gómez,2000055060.0,13.0,8.0,10.0,11.0,16.0,13.0,6.0,10.0,8.0,14.0,10.0,13.0,8.0,7.0,9.0,13.0,9.0,9.0,13.0,11.0,3.5,11.0,14.0,11.0,18.0,7.0,10.0,8.0,11.0,12.0,15.0,14.0,15.0,17.0,5.0,11.0,3.0,2.5,3.0,3.0,4.0,1.5,4.0,2.0,4.0,3.0,2.0,28.0,andorra
Èric Montes,95036004.0,11.0,11.0,14.0,14.0,7.0,10.0,9.0,6.0,10.0,10.0,11.0,7.0,7.0,0.0,9.0,9.0,9.0,13.0,12.0,10.0,6.0,16.0,13.0,14.0,14.0,9.0,10.0,14.0,13.0,9.0,16.0,0.0,3.0,14.0,0.0,0.0,0.0,0.0,0.0,0.0,0.0,0.0,0.0,0.0,0.0,0.0,0.0,30.0,andorra
Jon Ander Garai,2000684546.0,10.0,13.0,13.0,13.0,7.0,16.0,12.0,12.0,11.0,0.0,0.0,0.0,0.0,9.0,12.0,12.0,16.0,0.0,10.0,11.0,14.0,0.0,8.0,13.0,7.0,7.0,5.0,13.0,0.0,17.0,19.0,6.0,0.0,10.0,0.0,8.0,0.0,0.0,0.0,0.0,0.0,0.0,0.0,0.0,0.0,0.0,0.0,18.0,andorra
Atakan Karazor,92074021.0,7.0,9.0,11.0,9.0,15.0,13.0,7.0,18.5,10.0,12.0,12.0,4.0,6.0,5.0,7.0,13.0,11.0,14.0,12.0,5.0,6.0,12.0,12.0,9.0,11.0,9.0,11.0,14.0,11.0,13.0,17.5,8.0,11.0,13.0,11.0,8.0,3.5,2.0,5.0,2.0,2.5,3.0,2.0,2.0,3.0,4.0,5.0,32.0,apamplonab
Mikel Bengoetxea,2000510871.0,12.0,14.0,14.0,16.0,14.0,10.0,9.0,12.0,15.0,11.0,14.0,4.0,7.0,0.0,8.0,10.0,7.0,12.0,11.0,7.0,5.0,16.0,13.0,11.0,13.0,15.0,13.0,18.0,13.0,12.0,19.0,0.0,3.5,8.0,0.0,0.0,0.0,0.0,0.0,0.0,0.0,0.0,0.0,0.0,0.0,0.0,0.0,21.0,apamplonab
Álex Lillo,2000438804.0,12.0,7.0,9.0,10.0,14.0,17.0,5.0,11.0,11.0,10.0,6.0,10.0,0.0,10.0,9.0,17.0,12.0,11.0,14.0,10.0,6.0,8.0,5.0,18.0,9.0,16.0,9.0,12.0,6.0,16.0,13.0,6.0,8.0,10.0,0.0,0.0,0.0,0.0,0.0,0.0,0.0,0.0,0.0,0.0,0.0,0.0,0.0,22.0,apamplonab
Peio Arana,2000438809.0,15.0,12.0,12.0,14.0,13.0,14.0,10.0,10.0,15.0,9.0,13.0,0.0,0.0,8.0,9.0,10.0,17.0,9.0,13.0,11.0,11.0,6.0,5.0,8.0,10.0,12.0,9.0,14.0,11.0,11.0,13.0,11.0,14.0,9.0,0.0,0.0,0.0,0.0,0.0,0.0,0.0,0.0,0.0,0.0,0.0,0.0,0.0,22.0,apamplonab
Lander Goñi,2000510872.0,11.5,9.5,12.0,10.5,9.5,16.5,7.5,8.5,10.5,0.0,5.5,10.5,6.5,10.5,10.5,12.5,13.5,10.5,14.5,9.5,10.5,12.0,7.0,13.5,12.5,11.5,10.5,14.5,0.0,16.0,8.0,5.5,4.0,12.5,0.0,4.5,0.0,0.0,0.0,0.0,0.0,0.0,0.0,0.0,0.0,0.0,0.0,20.0,apamplonab
Iosu Pérez,2000510877.0,12.5,11.5,8.5,17.5,10.5,7.0,4.0,6.0,17.5,14.5,11.5,6.5,4.5,0.0,3.5,9.5,7.5,11.5,13.5,10.5,6.5,8.5,4.5,12.5,16.5,17.0,12.0,6.0,8.5,7.5,11.5,0.0,10.5,14.5,7.0,0.0,0.0,0.0,0.0,0.0,0.0,0.0,0.0,0.0,0.0,0.0,0.0,20.0,apamplonab
Marcos Goñi,2000629740.0,8.0,16.0,11.0,15.0,13.0,5.0,12.0,10.0,12.0,0.0,0.0,0.0,0.0,9.0,13.0,9.0,12.0,0.0,16.0,9.0,13.0,0.0,4.0,11.0,16.5,15.0,4.5,15.0,0.0,15.0,10.0,3.0,0.0,12.0,0.0,9.0,0.0,0.0,0.0,0.0,0.0,0.0,0.0,0.0,0.0,0.0,0.0,19.0,apamplonab
Martín Alonso,2000681854.0,13.5,15.0,14.5,13.5,8.5,11.5,15.0,12.5,11.5,0.0,5.5,6.5,0.0,4.5,9.0,13.5,6.5,13.0,6.5,4.5,14.5,11.5,9.5,18.0,13.5,14.5,9.5,12.5,0.0,5.5,17.5,7.5,13.5,13.5,0.0,5.0,0.0,0.0,0.0,0.0,0.0,0.0,0.0,0.0,0.0,0.0,0.0,18.0,badalona
Iván,2000574699.0,16.0,0.0,9.0,13.0,10.0,8.0,0.0,0.0,12.0,12.0,0.0,0.0,0.0,7.0,0.0,12.0,10.0,0.0,0.0,6.0,3.5,8.0,7.0,7.0,0.0,0.0,11.0,13.0,0.0,12.0,9.0,5.0,16.5,14.0,0.0,0.0,0.0,0.0,0.0,0.0,0.0,0.0,0.0,0.0,0.0,0.0,0.0,19.0,badalona
Mati,2000556504.0,12.5,10.5,10.5,13.5,15.5,7.0,7.5,7.0,16.5,10.5,9.5,6.5,4.5,4.5,8.5,8.5,8.5,10.5,11.5,12.5,11.5,9.5,5.5,12.5,9.5,14.5,11.0,14.0,9.5,2.5,3.5,7.5,7.5,12.5,7.0,5.5,1.5,4.5,3.5,2.0,3.0,2.0,4.5,3.0,4.5,1.5,3.5,20.0,badalona
Ale Sánchez,2000512877.0,12.0,14.0,14.0,13.0,10.0,9.0,9.0,7.0,12.0,0.0,6.0,2.0,0.0,7.0,11.0,12.0,11.0,7.0,9.0,4.0,16.0,3.5,4.0,14.0,6.0,10.0,5.0,11.0,0.0,5.0,8.0,8.0,16.0,15.0,0.0,5.0,0.0,0.0,0.0,0.0,0.0,0.0,0.0,0.0,0.0,0.0,0.0,21.0,badalona
Christian Díaz,2000510073.0,9.0,13.0,13.0,15.0,15.0,6.0,6.0,6.0,13.0,11.0,14.0,2.5,2.5,0.0,5.0,6.0,4.0,13.0,11.0,5.0,6.0,7.0,8.0,16.0,16.0,12.0,11.0,12.0,12.0,13.0,14.0,0.0,7.0,10.0,0.0,0.0,0.0,0.0,0.0,0.0,0.0,0.0,0.0,0.0,0.0,0.0,0.0,21.0,badalona
Ramón López,2000679928.0,9.0,0.0,12.0,14.0,11.0,6.0,15.0,5.0,13.0,0.0,0.0,0.0,0.0,6.0,11.0,7.0,13.0,0.0,11.0,11.0,13.0,0.0,5.0,11.0,0.0,0.0,6.0,13.0,0.0,7.0,0.0,4.0,0.0,0.0,0.0,8.0,0.0,0.0,0.0,0.0,0.0,0.0,0.0,0.0,0.0,0.0,0.0,18.0,badalona
Roger Colomina,2000015276.0,8.5,12.5,13.5,13.5,10.5,12.5,13.5,6.5,9.5,0.0,0.0,0.0,0.0,7.0,12.5,10.5,10.5,0.0,10.5,7.5,17.0,0.0,5.5,6.5,4.0,11.0,3.5,13.5,0.0,11.5,11.5,3.0,0.0,12.5,0.0,4.5,0.0,0.0,0.0,0.0,0.0,0.0,0.0,0.0,0.0,0.0,0.0,30.0,badalona
Óscar Coll,67277671.0,15.5,10.0,13.5,9.5,1.5,13.5,8.0,11.5,8.5,0.0,0.0,0.0,0.0,5.5,10.0,17.5,11.5,0.0,12.5,3.5,10.5,0.0,5.5,15.5,4.5,8.5,8.5,8.5,0.0,15.5,8.5,7.5,0.0,14.5,0.0,5.0,0.0,0.0,0.0,0.0,0.0,0.0,0.0,0.0,0.0,0.0,0.0,28.0,badalona
Iván Gil,67277668.0,14.0,11.0,14.0,12.0,3.0,9.0,7.0,13.0,10.0,0.0,5.0,8.0,0.0,6.0,10.0,13.0,14.0,6.0,14.0,11.0,12.0,7.0,7.0,14.0,8.0,10.0,4.0,15.0,0.0,15.0,7.0,5.0,15.0,16.0,0.0,3.0,0.0,0.0,0.0,0.0,0.0,0.0,0.0,0.0,0.0,0.0,0.0,27.0,badalona
Nacho Méndez,67248345.0,11.0,12.0,9.0,13.0,7.0,14.0,11.0,11.0,14.0,12.0,11.0,10.0,6.0,12.0,11.0,15.0,17.0,9.0,14.0,10.0,15.0,7.0,8.0,10.0,10.0,11.0,10.0,11.0,8.0,12.0,10.0,11.0,10.0,12.0,7.0,9.0,2.0,3.0,2.5,2.5,2.5,3.0,3.0,3.0,3.0,1.0,4.0,30.0,eibar
Fran,2000666004.0,11.5,12.5,7.5,16.5,12.5,9.0,7.5,11.0,13.5,13.5,8.5,0.0,0.0,8.5,9.5,12.5,16.5,12.5,16.5,10.5,4.5,11.5,5.5,14.5,14.5,10.5,12.0,13.0,10.5,6.5,10.5,5.5,11.5,14.5,0.0,0.0,0.0,0.0,0.0,0.0,0.0,0.0,0.0,0.0,0.0,0.0,0.0,18.0,eibar
Jonay Prieto,2000197151.0,12.0,14.0,11.0,9.0,10.0,17.5,12.0,13.0,10.0,5.0,4.0,0.0,0.0,8.0,9.0,16.0,14.0,8.0,14.0,5.0,13.0,5.0,6.0,20.0,12.0,15.0,8.0,16.0,1.5,15.0,15.0,8.0,11.0,11.0,0.0,0.0,0.0,0.0,0.0,0.0,0.0,0.0,0.0,0.0,0.0,0.0,0.0,23.0,eibar
Antonio Sánchez,2000570832.0,13.5,14.5,14.5,7.5,14.0,13.5,6.5,11.5,10.5,9.5,12.0,7.5,5.0,4.5,8.5,8.5,6.5,12.5,9.5,4.5,5.0,18.0,17.5,12.5,17.0,10.5,15.5,14.5,14.0,10.5,13.5,4.5,9.5,12.5,10.5,8.5,5.5,2.0,4.5,4.0,2.5,3.0,1.0,2.5,2.0,4.5,5.5,20.0,eibar
Xisco Cardona,2000572821.0,11.5,13.5,10.5,16.5,9.5,16.0,7.5,9.0,15.5,12.5,8.5,9.5,6.5,9.5,8.5,12.5,18.5,8.5,15.5,13.5,12.5,4.5,7.5,14.5,7.5,12.5,10.0,13.0,7.5,11.5,8.5,6.5,3.0,11.5,5.0,6.5,2.0,5.5,3.5,3.0,3.5,3.5,5.5,3.0,4.0,2.5,3.5,20.0,eibar
Álex López,67257948.0,14.0,14.0,15.0,8.0,9.0,17.0,4.0,15.0,8.0,14.0,10.0,8.0,8.0,9.0,12.0,16.0,11.0,16.0,9.0,9.0,7.0,14.0,10.0,12.0,9.0,10.0,10.0,13.0,15.0,14.0,13.0,8.0,9.0,13.0,12.0,9.0,4.0,2.0,3.0,3.0,2.5,3.0,2.0,2.0,3.0,3.5,4.0,31.0,eibar
Lubomir Toth,2000626733.0,14.0,12.0,14.0,11.0,5.0,17.0,17.0,11.0,10.0,8.0,9.0,13.0,9.0,12.0,11.0,11.0,13.0,11.0,13.0,9.0,3.0,6.0,11.0,13.0,9.0,15.0,10.0,18.0,10.0,10.0,11.0,11.0,11.0,15.0,10.0,7.0,3.0,2.0,2.0,3.0,1.0,1.0,1.0,1.0,3.0,1.0,2.0,19.0,eibar
Vicente Jové,2000574547.0,13.0,9.0,10.0,13.0,3.5,16.5,3.5,0.0,12.0,9.0,0.0,0.0,0.0,5.0,11.0,15.0,12.0,0.0,0.0,4.5,10.0,11.0,8.0,12.0,9.0,13.0,11.0,9.0,0.0,12.0,13.0,7.0,17.5,15.0,0.0,0.0,0.0,0.0,0.0,0.0,0.0,0.0,0.0,0.0,0.0,0.0,0.0,20.0,girona
Diego Mercado,14160026.0,12.0,10.0,8.0,9.0,3.0,12.0,8.0,12.0,10.0,13.0,10.0,6.0,5.0,6.0,13.0,14.0,8.0,13.0,13.0,9.0,5.0,12.0,7.0,17.0,13.0,11.0,11.0,11.0,10.0,11.0,14.0,10.0,7.0,15.0,7.0,7.0,3.0,2.0,3.0,2.0,3.0,2.5,2.0,1.0,2.0,2.5,3.0,31.0,girona
Miguel Rodríguez,2000192674.0,14.0,13.0,11.0,13.0,14.0,12.0,12.0,12.0,14.0,7.0,5.0,5.0,7.0,8.0,8.0,16.0,17.0,9.0,16.0,13.0,16.0,2.5,4.0,9.0,9.0,15.0,10.0,12.0,5.0,6.0,7.0,11.0,11.0,10.0,6.0,4.0,2.0,4.0,2.0,2.0,2.5,3.0,5.0,4.0,3.0,1.0,3.0,23.0,girona
Eduardo Bautista,2000207175.0,18.0,17.0,16.0,12.0,7.0,12.0,10.0,9.0,11.0,5.0,5.0,7.0,5.0,6.0,12.0,12.0,9.0,10.0,8.0,7.0,10.0,4.0,7.0,14.0,8.0,13.0,9.0,12.0,2.0,8.0,10.0,14.0,4.0,16.0,6.0,6.0,3.0,3.0,3.5,2.0,5.0,2.0,3.0,2.0,3.0,3.0,4.0,23.0,girona
Antonio Manuel Bazán,2000714138.0,14.5,12.0,10.0,5.0,6.5,16.5,7.0,15.5,10.5,0.0,0.0,0.0,0.0,5.0,14.0,16.5,13.5,0.0,10.5,6.5,11.5,0.0,7.0,10.5,7.0,8.0,10.5,15.5,0.0,12.0,11.0,12.5,0.0,11.5,0.0,8.0,0.0,0.0,0.0,0.0,0.0,0.0,0.0,0.0,0.0,0.0,0.0,17.0,girona
Morris Pietranera,2000568425.0,10.0,9.0,8.0,9.0,10.0,16.0,12.0,13.0,12.0,7.0,11.0,7.0,7.0,16.0,14.0,12.0,16.0,9.0,12.0,10.0,14.0,5.0,10.0,15.0,9.0,15.0,11.0,15.0,6.0,10.0,12.0,5.0,3.0,15.0,6.0,11.0,3.0,3.0,3.0,3.0,2.0,3.0,1.0,4.0,4.0,1.0,2.0,20.0,girona
Giancarlo Perea,2000512704.0,11.0,13.0,9.0,12.0,17.0,13.0,11.0,12.0,15.0,0.0,7.0,12.0,0.0,10.0,13.0,13.0,18.0,11.0,15.0,13.0,14.0,4.0,6.0,14.0,9.0,17.0,10.0,10.0,0.0,12.0,7.0,8.0,11.0,13.0,0.0,6.0,0.0,0.0,0.0,0.0,0.0,0.0,0.0,0.0,0.0,0.0,0.0,21.0,girona
Sullivan Mayele,2000506525.0,9.0,9.0,10.0,15.0,13.0,13.0,10.0,12.0,14.0,9.0,12.0,12.0,8.0,7.0,9.0,16.0,13.0,12.0,15.0,8.0,9.0,13.0,8.0,12.0,17.0,14.0,9.0,15.0,10.0,16.0,15.0,5.0,10.0,12.0,6.0,8.0,3.0,2.0,3.0,4.0,1.0,3.0,4.0,2.0,3.0,3.0,2.0,21.0,girona
Jon Magunazelaia,2000082492.0,16.0,12.0,13.0,9.0,11.0,15.0,10.0,15.0,9.0,12.0,5.0,9.0,8.0,16.0,12.0,15.0,12.0,8.0,14.0,10.0,13.0,6.0,10.0,10.0,11.0,14.0,9.0,16.0,7.0,15.0,10.0,8.0,14.0,14.0,5.0,3.0,3.0,2.5,4.0,3.0,3.0,2.0,4.0,3.0,4.0,2.5,2.0,27.0,girona
Ibrahima Kébé,2000024313.0,13.0,13.0,15.0,13.0,12.0,9.0,9.0,11.0,13.0,12.0,14.0,6.0,8.0,4.0,9.0,10.0,11.0,15.0,12.0,10.0,8.0,15.0,11.0,9.0,11.0,10.0,14.0,10.0,9.0,13.0,15.0,6.0,7.0,13.0,8.0,5.0,6.0,3.0,3.0,2.5,2.0,3.0,2.5,3.0,2.0,3.0,3.0,28.0,girona
Diogo Fonseca,2000197949.0,12.5,0.0,9.5,9.5,6.5,9.5,0.0,10.5,10.5,13.5,11.5,0.0,0.0,0.0,0.0,10.5,5.5,14.0,12.5,0.0,0.0,9.5,6.5,19.0,0.0,0.0,10.5,6.5,6.5,0.0,15.5,0.0,17.5,14.5,0.0,0.0,0.0,0.0,0.0,0.0,0.0,0.0,0.0,0.0,0.0,0.0,0.0,23.0,hospitalet
Isma Aizpiri,29164025.0,9.0,9.0,7.0,16.0,9.0,14.0,6.0,8.0,15.0,15.0,10.0,8.0,6.0,0.0,6.0,12.0,11.0,15.0,13.0,8.0,5.0,10.0,8.0,15.0,10.0,10.0,9.0,8.0,10.0,4.0,12.0,0.0,5.0,7.0,0.0,0.0,0.0,0.0,0.0,0.0,0.0,0.0,0.0,0.0,0.0,0.0,0.0,30.0,hospitalet
Xabier Cárdenas,67220146.0,14.0,10.0,11.0,12.0,10.0,12.0,5.0,11.0,8.0,5.0,6.0,0.0,0.0,5.0,8.0,13.0,13.0,9.0,13.0,8.0,6.0,8.0,4.0,10.0,6.0,7.0,8.0,7.0,9.0,15.0,9.0,9.0,11.0,15.0,0.0,0.0,0.0,0.0,0.0,0.0,0.0,0.0,0.0,0.0,0.0,0.0,0.0,30.0,hospitalet
Echu,67229627.0,9.0,12.0,13.0,9.0,7.0,10.0,11.0,12.0,13.0,0.0,8.0,10.0,0.0,8.0,13.0,8.0,12.0,11.0,8.0,9.0,12.0,7.0,6.0,4.0,9.0,6.0,5.0,19.0,0.0,11.0,8.0,9.0,2.5,13.0,0.0,8.0,0.0,0.0,0.0,0.0,0.0,0.0,0.0,0.0,0.0,0.0,0.0,30.0,hospitalet
Diego Muñoz,2000439850.0,8.0,9.5,9.5,11.5,10.5,8.5,6.5,0.0,17.0,8.5,0.0,0.0,0.0,5.5,3.5,7.0,12.5,0.0,0.0,7.5,8.5,10.5,12.5,9.0,7.5,8.5,7.5,11.5,0.0,4.0,7.5,4.0,11.0,14.0,0.0,0.0,0.0,0.0,0.0,0.0,0.0,0.0,0.0,0.0,0.0,0.0,0.0,22.0,hospitalet
Juan Vizcarra,2000681579.0,12.5,0.0,7.0,10.0,4.5,12.0,0.0,0.0,10.0,14.5,0.0,0.0,0.0,7.5,0.0,14.5,7.0,0.0,0.0,3.5,3.5,9.0,5.0,9.5,0.0,0.0,13.0,8.0,0.0,8.0,15.0,6.5,14.5,12.5,0.0,0.0,0.0,0.0,0.0,0.0,0.0,0.0,0.0,0.0,0.0,0.0,0.0,17.0,hospitalet
Edmilson Santos,83169922.0,12.5,11.5,9.5,8.5,7.5,10.0,9.5,12.0,11.5,0.0,0.0,0.0,0.0,5.5,11.5,11.5,13.5,0.0,14.5,12.5,11.5,0.0,5.5,8.5,12.5,12.5,9.0,17.0,0.0,8.5,7.5,6.5,0.0,10.5,0.0,4.0,0.0,0.0,0.0,0.0,0.0,0.0,0.0,0.0,0.0,0.0,0.0,28.0,hospitalet
Juan Carlos Abengózar,2000570111.0,9.0,7.0,7.0,9.0,7.0,12.0,8.0,8.0,10.0,5.0,5.0,8.0,5.0,4.0,8.0,15.0,10.0,7.5,12.0,7.0,11.0,7.0,7.0,14.0,15.0,8.0,7.0,4.0,5.0,13.0,6.0,5.0,11.5,12.0,4.5,6.0,2.5,1.0,4.5,2.0,1.5,3.5,1.5,2.0,2.0,3.0,4.5,20.0,hospitalet
Alejandro Ferre,2000569554.0,13.5,8.5,11.0,10.5,14.5,12.5,3.0,11.5,12.5,15.5,11.5,14.5,5.5,7.5,5.5,12.5,15.5,10.5,12.5,7.5,4.5,13.0,10.0,11.5,19.0,14.5,13.5,9.5,9.5,11.0,10.0,9.5,7.5,7.5,9.5,4.5,3.0,3.0,2.5,3.0,3.5,1.0,3.0,3.0,5.5,3.5,3.0,20.0,leonesa
Jaime Reques,2000077283.0,13.0,13.0,14.0,10.0,11.0,13.0,10.0,12.0,7.0,3.5,7.0,6.0,6.0,6.0,10.0,14.0,12.0,8.0,10.0,8.0,11.0,10.0,8.0,14.0,6.0,9.0,8.0,14.0,5.0,15.0,9.0,8.0,4.0,14.0,8.0,4.0,3.5,2.0,3.0,3.0,2.0,2.0,1.5,2.5,2.5,4.0,4.0,26.0,leonesa
Ander Martín,2000058172.0,12.0,15.0,14.0,12.0,5.0,14.0,14.0,8.0,11.0,0.0,8.0,5.0,0.0,3.0,12.0,10.0,15.0,9.0,12.0,9.0,13.0,4.0,4.0,5.0,3.0,8.0,7.0,5.0,0.0,13.0,9.0,8.0,3.5,14.0,0.0,5.0,0.0,0.0,0.0,0.0,0.0,0.0,0.0,0.0,0.0,0.0,0.0,27.0,leonesa
Marcel Mehlem,92076601.0,12.0,9.0,11.0,17.0,12.0,8.0,6.0,5.0,12.0,15.0,15.0,4.0,5.0,7.0,11.0,11.0,13.0,14.0,10.0,9.0,14.0,14.0,8.0,16.0,18.0,10.0,9.0,12.0,16.0,7.0,13.0,6.0,8.0,14.0,2.0,4.0,3.5,3.5,2.0,3.0,3.0,3.0,3.5,3.0,2.5,3.0,1.5,33.0,leonesa
Unai Rementeria,67246387.0,11.5,15.5,15.5,11.0,3.5,7.5,5.5,0.0,6.0,8.5,0.0,0.0,0.0,4.5,9.5,11.5,11.0,0.0,0.0,10.0,6.5,15.5,10.5,13.5,4.5,7.5,6.5,10.5,0.0,15.5,12.5,5.5,3.5,11.5,0.0,0.0,0.0,0.0,0.0,0.0,0.0,0.0,0.0,0.0,0.0,0.0,0.0,29.0,leonesa
Roberto Olabe,67183968.0,11.0,7.0,10.0,10.0,6.0,12.0,8.0,10.0,8.0,10.0,9.0,15.0,13.0,13.0,9.0,12.0,12.0,12.0,16.0,6.0,11.0,4.0,10.0,10.0,13.0,13.0,7.0,2.5,3.5,12.0,12.0,12.0,14.0,14.0,2.0,9.0,3.0,2.5,2.5,2.0,3.5,1.0,2.0,2.5,4.0,2.0,3.0,32.0,leonesa
Mario Fernández,2000439263.0,11.0,11.0,11.0,7.0,7.0,16.0,11.0,15.0,9.0,6.0,9.0,11.0,9.0,6.0,8.0,12.0,10.0,11.0,12.0,6.0,17.0,8.0,5.0,11.0,5.0,14.0,10.0,13.0,8.0,16.0,13.0,7.0,12.0,13.0,6.0,7.0,3.5,1.0,5.0,4.0,2.0,3.0,1.0,2.5,3.0,3.5,5.0,22.0,leonesa
José María Garai,2000437777.0,14.0,13.0,12.0,11.0,6.0,17.5,7.0,14.0,12.0,9.0,5.0,9.0,4.0,6.0,12.0,15.0,15.0,14.0,15.0,10.0,11.0,8.0,9.0,14.0,10.0,12.0,12.0,15.0,8.0,16.0,11.0,9.0,7.0,18.0,4.0,6.0,2.0,2.0,3.0,1.5,3.0,2.0,2.0,1.5,2.5,2.0,3.5,22.0,leonesa
Alejandro Aleñá,2000202600.0,11.5,9.5,8.5,14.5,10.5,7.0,5.5,9.0,18.5,10.5,9.5,0.0,0.0,0.0,0.0,10.5,11.5,9.5,15.5,7.5,0.0,6.5,3.5,10.5,14.5,13.5,10.0,8.0,6.5,0.0,14.5,0.0,3.5,15.5,0.0,0.0,0.0,0.0,0.0,0.0,0.0,0.0,0.0,0.0,0.0,0.0,0.0,22.0,leonesa
Eneko Aguilar,67297733.0,13.0,11.0,11.0,12.0,5.0,11.0,7.0,10.0,13.0,14.0,10.0,12.0,6.0,8.0,10.0,12.0,11.0,10.0,11.0,12.0,8.0,8.0,9.0,8.0,10.0,14.0,12.0,8.0,0.0,13.0,13.0,11.0,9.0,13.0,13.0,3.0,0.0,0.0,0.0,0.0,0.0,0.0,0.0,0.0,0.0,0.0,0.0,28.0,lleida
Juan Jesús Polo,2000194987.0,10.0,13.0,12.0,14.0,16.0,5.0,8.0,5.0,14.0,12.0,12.0,8.0,4.0,3.0,8.0,9.0,7.0,15.0,13.0,5.0,5.0,12.0,6.0,12.0,7.0,11.0,10.0,12.0,8.0,14.0,12.0,3.0,13.0,10.0,4.0,0.0,0.0,0.0,0.0,0.0,0.0,0.0,0.0,0.0,0.0,0.0,0.0,23.0,lleida
Rayan Arkine,2000512092.0,17.5,14.0,14.5,7.5,6.5,7.5,9.0,10.5,8.5,0.0,0.0,0.0,0.0,6.5,12.0,12.5,7.5,0.0,6.5,6.5,8.5,0.0,11.5,12.5,4.5,7.5,9.5,13.5,0.0,9.5,5.5,12.5,0.0,15.5,0.0,4.0,0.0,0.0,0.0,0.0,0.0,0.0,0.0,0.0,0.0,0.0,0.0,21.0,lleida
Amir Ibrahimovic,2000713014.0,9.0,0.0,4.0,18.0,13.0,5.0,0.0,0.0,17.0,10.5,0.0,0.0,0.0,7.5,0.0,9.0,11.5,0.0,0.0,13.5,3.5,7.5,4.5,9.0,0.0,0.0,10.0,11.0,0.0,3.0,10.5,3.0,12.0,6.0,0.0,0.0,0.0,0.0,0.0,0.0,0.0,0.0,0.0,0.0,0.0,0.0,0.0,17.0,lleida
Pierre Martínez,2000201715.0,14.0,15.0,12.0,15.0,9.0,13.0,11.0,12.0,14.0,0.0,3.0,9.0,0.0,8.0,12.0,16.0,15.0,11.0,13.0,7.0,12.0,5.0,5.0,17.0,8.0,16.0,8.0,11.0,0.0,10.0,12.0,11.0,13.0,14.0,0.0,11.0,0.0,0.0,0.0,0.0,0.0,0.0,0.0,0.0,0.0,0.0,0.0,23.0,lleida
Edu,2000713008.0,4.5,8.5,8.5,10.0,8.0,12.0,8.5,0.0,10.0,4.5,0.0,0.0,0.0,3.0,9.5,7.5,8.0,0.0,0.0,5.0,5.0,10.5,6.5,10.5,13.5,5.5,4.0,3.5,0.0,16.5,17.5,4.0,9.5,7.5,0.0,0.0,0.0,0.0,0.0,0.0,0.0,0.0,0.0,0.0,0.0,0.0,0.0,16.0,lleida
Aitor Sicart,2000742072.0,6.5,0.0,10.5,8.0,9.0,10.0,0.0,0.0,10.0,3.5,0.0,0.0,0.0,3.0,0.0,8.5,10.0,0.0,0.0,4.5,10.0,9.5,7.5,9.5,0.0,0.0,4.0,2.5,0.0,16.5,13.5,3.0,4.0,10.5,0.0,0.0,0.0,0.0,0.0,0.0,0.0,0.0,0.0,0.0,0.0,0.0,0.0,16.0,lleida
Juan Luis,2000664823.0,14.0,9.5,10.0,11.0,15.0,9.0,4.5,13.0,11.0,12.0,8.0,7.5,3.5,9.5,3.5,11.0,11.0,10.5,16.0,6.0,3.5,15.0,10.0,13.0,19.0,13.5,12.0,13.0,12.0,9.0,17.0,7.0,7.0,17.0,6.0,1.5,2.5,2.5,2.5,2.5,5.0,1.0,2.0,2.5,4.5,3.0,3.0,17.0,logrones
Chisom Abdul,2000573849.0,12.5,14.5,15.5,9.5,11.0,18.5,7.5,16.5,8.5,0.0,8.0,6.5,0.0,5.5,11.5,12.5,9.5,10.5,9.5,6.5,16.0,5.5,9.5,8.5,12.5,14.5,12.5,15.5,0.0,14.5,17.0,5.5,14.5,11.5,0.0,7.5,0.0,0.0,0.0,0.0,0.0,0.0,0.0,0.0,0.0,0.0,0.0,19.0,logrones
Carlos Dotor,67293616.0,13.0,13.0,13.0,12.0,12.0,15.0,9.0,16.0,9.0,12.0,12.0,9.0,11.0,11.0,12.0,12.0,10.0,12.0,10.0,10.0,11.0,10.0,11.0,10.0,7.0,11.0,15.0,15.0,9.0,12.0,13.0,9.0,10.0,12.0,12.0,0.0,0.0,0.0,0.0,0.0,0.0,0.0,0.0,0.0,0.0,0.0,0.0,27.0,logrones
Higinio Zarzo,2000192890.0,14.0,12.0,12.0,8.0,12.0,14.0,10.0,16.0,14.0,6.0,8.0,5.0,4.0,6.0,12.0,9.0,12.0,10.0,13.0,6.0,13.0,8.0,13.0,9.0,8.0,9.0,12.0,12.0,5.0,12.0,10.0,9.0,5.0,12.0,6.0,8.0,3.0,1.5,6.0,2.0,2.5,3.0,1.0,2.5,3.0,3.0,3.0,22.0,logrones
Yeray Zabalo,2000438356.0,13.0,14.0,13.0,16.0,14.0,7.0,4.0,8.0,16.0,12.0,11.0,0.0,0.0,6.0,6.0,12.0,8.0,9.0,11.0,7.0,3.5,13.0,8.0,11.0,13.0,12.0,15.0,12.0,7.0,6.0,18.5,5.0,16.0,12.0,0.0,0.0,0.0,0.0,0.0,0.0,0.0,0.0,0.0,0.0,0.0,0.0,0.0,22.0,logrones
Ángel Alcalde,2000573845.0,13.0,0.0,9.0,11.0,4.0,13.0,0.0,0.0,11.0,9.0,0.0,0.0,0.0,10.0,0.0,16.5,10.0,0.0,0.0,6.0,9.0,9.0,6.0,9.0,0.0,0.0,12.0,15.0,0.0,13.0,12.0,7.0,8.0,14.0,0.0,0.0,0.0,0.0,0.0,0.0,0.0,0.0,0.0,0.0,0.0,0.0,0.0,20.0,logrones
Toni Moya,67223078.0,13.5,10.0,13.5,14.0,7.5,14.0,8.0,15.0,12.0,12.5,12.5,8.5,5.5,5.5,11.0,15.5,12.0,14.0,13.0,10.0,8.5,12.0,9.5,12.5,11.5,12.5,13.0,19.0,7.5,14.5,16.5,9.5,13.5,13.5,9.0,2.0,2.5,2.0,4.0,2.0,5.5,3.0,2.0,2.0,2.0,2.5,2.5,30.0,logrones
Diego Alende,67199156.0,11.0,9.5,11.0,13.0,10.0,12.0,7.5,9.5,11.0,13.0,14.5,5.5,3.5,4.5,11.5,14.0,12.0,14.5,13.0,8.0,9.5,14.0,12.0,13.0,13.5,11.5,13.0,8.0,13.0,10.0,12.0,4.0,8.0,13.0,3.5,6.5,1.5,3.0,2.0,4.5,3.0,2.0,4.0,4.5,2.5,2.0,1.0,31.0,mirandes
Gideon Ikechukwu,2000683108.0,13.0,11.5,12.5,16.5,11.5,9.5,4.5,4.5,15.5,12.5,16.5,8.5,9.5,7.5,8.5,12.0,13.5,16.5,13.5,10.5,12.5,14.5,9.5,16.0,14.5,12.5,9.5,12.5,14.5,9.5,8.5,6.0,16.0,15.0,5.5,6.5,2.5,4.0,1.5,3.5,2.5,2.0,3.5,3.5,3.0,3.0,1.5,18.0,mirandes
Agapito Torres,2000201479.0,13.5,12.5,12.0,14.5,17.0,8.0,6.5,10.5,12.5,10.0,14.0,7.0,6.0,7.0,6.5,11.0,10.5,12.5,14.5,8.5,6.0,11.0,12.0,14.5,12.0,12.0,13.0,15.0,12.0,12.0,13.0,7.5,15.5,12.5,4.5,8.5,4.0,1.0,2.5,2.5,2.0,2.0,1.5,2.0,2.5,4.0,2.5,23.0,mirandes
Facundo Barboza,2000280204.0,17.5,14.0,13.5,12.5,6.5,17.0,11.0,0.0,11.5,3.5,0.0,0.0,0.0,5.5,12.0,14.5,12.5,0.0,0.0,5.5,3.5,4.5,6.5,14.5,9.5,14.5,12.5,11.5,0.0,7.5,10.5,11.5,17.5,16.5,0.0,0.0,0.0,0.0,0.0,0.0,0.0,0.0,0.0,0.0,0.0,0.0,0.0,22.0,mirandes
Victor Cano,2000443364.0,12.0,12.5,9.5,10.5,12.5,7.5,9.5,5.5,11.5,0.0,0.0,0.0,0.0,4.5,9.5,15.0,17.0,0.0,11.5,6.5,16.5,0.0,3.5,13.0,7.5,8.5,4.5,4.5,0.0,13.5,7.5,9.0,0.0,13.0,0.0,5.5,0.0,0.0,0.0,0.0,0.0,0.0,0.0,0.0,0.0,0.0,0.0,22.0,mirandes
Fede Vico,67142992.0,10.0,7.0,9.0,9.0,2.5,13.0,11.0,12.0,4.0,9.0,9.0,7.0,8.0,11.0,12.0,16.0,12.0,13.0,11.0,4.0,14.0,9.0,5.0,13.0,6.0,5.0,4.0,14.0,4.0,14.0,10.0,12.0,8.0,16.0,4.0,5.0,2.0,3.0,3.0,2.0,5.0,3.0,3.0,2.0,2.5,2.5,3.5,34.0,mirandes
Antonio Díaz,2000569978.0,11.0,12.0,12.0,4.0,13.0,18.5,13.0,16.0,7.0,0.0,0.0,0.0,0.0,5.0,12.0,13.0,11.0,0.0,10.0,4.0,12.0,0.0,11.0,11.0,13.0,7.0,10.0,13.0,0.0,16.0,12.0,7.0,0.0,12.0,0.0,5.0,0.0,0.0,0.0,0.0,0.0,0.0,0.0,0.0,0.0,0.0,0.0,20.0,mirandes
Víctor Meseguer,67278046.0,13.0,12.0,13.0,12.0,11.0,14.0,11.0,16.0,10.0,9.0,12.0,10.0,6.0,8.0,12.0,12.0,11.0,13.0,11.0,9.0,15.0,11.0,12.0,13.0,10.0,10.0,14.0,16.0,10.0,13.0,13.0,7.0,12.0,14.0,7.0,10.0,3.5,2.5,3.0,4.0,2.0,2.0,1.0,3.0,2.5,3.5,3.0,29.0,mirandes
Juan Pablo,2000574059.0,9.5,12.5,11.5,8.5,16.0,15.5,8.5,10.5,9.5,0.0,12.0,11.5,0.0,5.5,7.5,9.5,7.5,10.5,10.5,5.5,11.0,12.5,8.5,8.5,17.5,8.5,13.5,18.0,0.0,9.5,11.5,9.5,14.5,14.5,0.0,5.5,0.0,0.0,0.0,0.0,0.0,0.0,0.0,0.0,0.0,0.0,0.0,20.0,numantia
Bakary Daou,2000515163.0,11.0,13.0,14.0,14.0,14.0,9.0,3.0,8.0,11.0,14.0,11.0,11.0,4.0,0.0,3.0,9.0,6.0,9.0,12.0,5.0,6.0,13.0,11.0,9.0,12.0,18.0,13.0,12.0,11.0,7.0,17.0,0.0,9.0,11.0,0.0,0.0,0.0,0.0,0.0,0.0,0.0,0.0,0.0,0.0,0.0,0.0,0.0,21.0,numantia
Julio Gracia,67237836.0,13.0,11.0,11.0,13.0,4.0,10.0,4.0,11.0,13.0,5.0,9.0,7.0,6.0,6.0,14.0,12.0,10.0,13.0,15.0,7.0,13.0,6.0,6.0,15.0,5.0,7.0,1.0,8.0,11.0,13.0,8.0,5.0,5.0,8.0,2.5,6.0,2.0,3.0,1.0,3.0,2.0,2.5,3.0,4.0,3.0,2.0,2.5,30.0,numantia
Antonio Cotán,67157612.0,10.0,8.5,7.0,13.0,4.0,11.5,9.5,13.5,8.0,11.5,14.5,12.5,9.5,5.5,11.5,14.0,15.0,11.5,16.0,9.0,16.5,5.0,5.0,12.0,12.5,7.5,4.5,15.5,8.5,15.0,11.0,4.0,14.0,12.0,1.5,8.5,2.5,3.0,1.0,3.5,2.5,2.5,2.5,2.5,3.5,1.5,1.5,33.0,numantia
Humberto Alonso,2000196451.0,14.0,17.0,14.0,7.0,4.0,12.0,13.0,14.0,13.0,6.0,6.0,12.0,7.0,12.0,13.0,15.0,14.0,13.0,12.0,10.0,15.0,4.0,7.0,10.0,6.0,14.0,11.0,15.0,1.5,14.0,12.0,11.0,4.0,12.0,9.0,9.0,3.0,2.5,3.5,1.5,5.0,4.0,2.0,2.0,3.0,3.0,4.0,23.0,numantia
Castri,67294959.0,13.0,18.0,13.0,9.0,10.0,11.5,14.0,10.5,7.0,1.0,6.5,2.5,6.5,5.5,14.0,10.0,9.0,10.0,14.0,7.0,11.5,4.5,10.0,4.0,6.5,8.5,7.5,11.5,4.5,10.5,6.5,9.0,4.0,13.0,2.5,8.0,4.5,4.0,2.5,3.5,2.0,2.5,3.0,3.5,1.0,2.5,2.5,26.0,numantia
Asier Pinillos,2000574064.0,12.0,10.0,11.0,11.5,4.0,15.0,8.0,11.5,11.5,13.0,10.0,6.0,5.0,7.0,5.0,14.0,10.5,10.0,9.5,7.5,3.0,13.0,7.0,11.0,14.0,8.0,11.0,15.5,10.0,10.0,17.0,8.0,5.0,17.0,12.5,5.0,2.5,1.5,3.5,2.0,5.0,3.5,1.5,1.5,1.5,4.0,3.0,20.0,numantia
Juan José,2000200474.0,12.5,8.5,11.0,12.5,13.5,8.5,4.5,11.5,10.5,14.5,10.5,0.0,0.0,0.0,0.0,7.5,5.5,5.5,9.5,4.5,0.0,12.0,8.0,11.5,18.5,17.5,12.5,14.5,9.5,0.0,16.0,0.0,14.5,13.5,0.0,0.0,0.0,0.0,0.0,0.0,0.0,0.0,0.0,0.0,0.0,0.0,0.0,23.0,numantia
Mikel Muñoz,2000710316.0,16.5,15.0,14.0,11.5,2.5,16.0,9.0,12.5,8.5,0.0,0.0,0.0,0.0,7.0,13.0,16.5,7.5,0.0,11.5,5.0,10.5,0.0,12.0,17.0,7.0,16.0,10.5,13.5,0.0,16.0,13.0,9.5,0.0,8.5,0.0,7.0,0.0,0.0,0.0,0.0,0.0,0.0,0.0,0.0,0.0,0.0,0.0,17.0,numantia
Àlex Rico,67295759.0,9.5,12.5,8.5,11.5,6.0,11.0,10.5,9.0,11.5,12.0,11.0,9.0,10.0,5.0,8.5,10.5,11.5,14.5,13.5,11.5,12.0,10.5,5.5,12.5,11.0,11.0,7.0,15.0,9.0,12.5,11.5,3.5,9.5,12.5,4.0,11.5,2.0,2.5,1.5,4.0,1.0,4.5,2.5,3.0,3.0,2.5,2.5,26.0,olot
Fran Manzanara,67211715.0,8.5,10.5,9.0,12.5,10.0,12.0,8.5,12.5,9.5,10.0,12.0,8.0,9.0,4.0,8.5,12.5,9.5,13.5,10.5,8.5,8.0,12.0,11.0,10.5,11.0,7.0,11.5,15.5,10.0,12.0,16.0,5.5,11.5,11.5,8.5,10.5,4.0,2.0,2.5,2.0,2.5,2.0,2.0,3.0,2.0,4.0,3.5,32.0,olot
Omri Hemo,2000440760.0,14.0,14.0,12.0,14.0,13.0,10.0,11.0,10.0,13.0,7.0,7.0,10.0,9.0,7.0,11.0,8.0,15.0,13.0,14.0,10.0,16.0,5.0,3.5,12.0,16.0,11.0,10.0,11.0,5.0,10.0,14.0,5.0,5.0,13.0,0.0,0.0,0.0,0.0,0.0,0.0,0.0,0.0,0.0,0.0,0.0,0.0,0.0,22.0,olot
Alberto Cañizares,2000571806.0,10.5,9.5,6.5,14.5,13.5,14.0,5.5,12.0,13.5,8.5,5.5,0.0,0.0,8.5,8.5,13.5,15.5,7.5,16.5,12.5,12.5,5.5,4.5,8.5,9.5,12.5,9.0,16.0,6.5,8.5,8.5,4.5,8.5,9.5,0.0,0.0,0.0,0.0,0.0,0.0,0.0,0.0,0.0,0.0,0.0,0.0,0.0,20.0,olot
Miguel Fernández,67263770.0,12.0,9.0,10.0,15.0,8.0,12.0,9.0,10.0,13.0,6.0,5.0,0.0,0.0,9.0,10.0,12.0,16.0,10.0,13.0,12.0,12.0,5.0,8.0,8.0,12.0,11.0,10.0,16.0,6.0,9.0,7.0,9.0,9.0,11.0,0.0,0.0,0.0,0.0,0.0,0.0,0.0,0.0,0.0,0.0,0.0,0.0,0.0,28.0,olot
Francisco Tena,67211549.0,4.0,3.5,3.0,12.5,13.5,3.5,3.0,0.0,4.5,12.5,0.0,0.0,0.0,3.5,4.5,6.0,7.5,0.0,0.0,10.5,7.5,10.5,7.5,10.0,12.5,6.5,2.5,16.5,0.0,6.5,10.5,3.5,16.0,11.0,0.0,0.0,0.0,0.0,0.0,0.0,0.0,0.0,0.0,0.0,0.0,0.0,0.0,35.0,olot
Juan Carlos Chasco,2000574123.0,13.0,0.0,9.0,12.0,9.0,11.0,0.0,0.0,16.0,6.0,0.0,0.0,0.0,8.0,0.0,13.0,11.0,0.0,0.0,8.0,5.0,3.0,3.0,11.0,0.0,0.0,6.0,14.0,0.0,6.0,3.0,9.0,14.0,11.0,0.0,0.0,0.0,0.0,0.0,0.0,0.0,0.0,0.0,0.0,0.0,0.0,0.0,20.0,olot
Nico Montoro,2000513279.0,7.5,9.5,12.5,15.0,8.5,10.5,7.5,7.5,14.0,9.5,11.5,0.0,0.0,0.0,8.5,6.5,11.0,13.5,15.0,8.0,0.0,12.5,11.5,9.5,9.5,13.5,12.5,7.5,11.5,0.0,14.5,0.0,5.5,11.5,0.0,0.0,0.0,0.0,0.0,0.0,0.0,0.0,0.0,0.0,0.0,0.0,0.0,21.0,ponferrada
Ricki Alonso,2000444088.0,6.0,8.0,12.0,18.0,11.0,15.0,8.0,12.0,18.5,8.0,12.0,0.0,0.0,4.0,11.0,13.0,10.0,11.0,12.0,7.0,7.0,9.0,7.0,8.0,14.0,6.0,11.0,13.0,9.0,14.0,16.0,4.0,16.0,10.0,0.0,0.0,0.0,0.0,0.0,0.0,0.0,0.0,0.0,0.0,0.0,0.0,0.0,21.0,ponferrada
Lucas Suárez,67291632.0,6.0,10.0,5.0,12.0,14.0,14.0,12.0,12.0,12.0,10.0,10.0,8.0,0.0,6.0,10.0,16.0,17.0,10.0,14.0,12.0,16.0,5.0,6.0,9.0,7.0,15.0,8.0,10.0,9.0,12.0,13.0,4.0,11.0,14.0,0.0,0.0,0.0,0.0,0.0,0.0,0.0,0.0,0.0,0.0,0.0,0.0,0.0,27.0,ponferrada
Carlos Pérez,67277708.0,14.0,14.0,11.0,14.0,14.0,11.0,11.0,11.0,12.0,5.0,7.0,8.0,10.0,8.0,12.0,14.0,16.0,14.0,16.0,11.0,15.0,3.0,5.0,12.0,9.0,7.0,6.0,7.0,7.0,10.0,8.0,8.0,13.0,12.0,3.0,4.0,2.0,4.0,1.0,3.0,3.0,2.5,4.0,3.0,3.0,2.5,2.0,28.0,ponferrada
Migue Fernández,2000513270.0,14.0,15.0,15.0,8.0,4.0,17.0,9.0,10.0,9.0,0.0,4.0,3.5,5.0,4.0,8.0,14.0,11.0,10.0,8.0,5.0,12.0,4.0,6.0,12.0,8.0,8.0,10.0,10.0,0.0,15.0,11.0,5.0,12.0,13.0,0.0,5.0,0.0,0.0,0.0,0.0,0.0,0.0,0.0,0.0,0.0,0.0,0.0,21.0,ponferrada
Vojo Bešović,2000191918.0,10.5,8.5,7.5,14.5,9.5,13.0,6.5,11.0,14.5,10.5,0.0,0.0,0.0,7.5,6.5,16.5,19.0,0.0,0.0,10.5,6.5,6.5,14.5,16.5,17.5,13.5,8.0,12.0,0.0,10.5,13.5,7.5,3.5,12.5,0.0,0.0,0.0,0.0,0.0,0.0,0.0,0.0,0.0,0.0,0.0,0.0,0.0,23.0,ponferrada
Alberto Jiménez,2000712145.0,8.0,10.0,12.5,7.5,9.0,18.0,10.0,13.5,8.5,0.0,0.0,0.0,0.0,5.5,13.0,14.0,8.5,0.0,11.5,4.5,10.0,0.0,9.5,15.0,5.5,13.5,12.5,14.5,0.0,15.5,9.5,5.0,0.0,12.0,0.0,9.0,0.0,0.0,0.0,0.0,0.0,0.0,0.0,0.0,0.0,0.0,0.0,17.0,ponferrada
Gorka Merino,2000441525.0,9.5,8.5,4.5,12.5,9.5,10.0,4.5,10.0,18.0,12.5,0.0,0.0,0.0,10.5,4.5,11.5,15.5,0.0,0.0,10.5,6.5,8.5,3.0,6.5,18.0,17.0,13.0,9.0,0.0,6.5,8.5,6.5,9.5,13.5,0.0,0.0,0.0,0.0,0.0,0.0,0.0,0.0,0.0,0.0,0.0,0.0,0.0,22.0,ponferrada
Mohamed Gallar,2000444071.0,6.0,6.0,3.5,13.0,17.0,7.0,7.0,9.0,17.5,14.0,18.5,0.0,0.0,5.0,6.0,10.0,13.0,14.0,0.0,7.0,7.0,14.0,5.0,13.0,10.0,7.0,15.0,9.0,13.0,7.0,8.0,4.0,5.0,5.0,0.0,0.0,0.0,0.0,0.0,0.0,0.0,0.0,0.0,0.0,0.0,0.0,0.0,21.0,pontevedra
Álvaro Fortes,2000443308.0,11.0,10.0,11.0,14.0,17.0,3.0,6.0,8.0,15.0,9.0,16.0,5.0,6.0,2.5,5.0,10.0,7.0,12.0,13.0,6.0,6.0,14.0,6.0,9.0,10.0,13.0,10.0,13.0,16.0,10.0,10.0,3.0,8.0,18.0,5.0,5.0,3.5,4.0,1.0,4.0,2.0,3.0,4.0,4.0,3.0,3.0,1.0,22.0,pontevedra
Pep,2000198640.0,9.0,5.0,7.0,14.0,14.0,12.0,6.0,12.0,10.0,11.0,9.0,8.0,4.0,5.0,3.0,11.0,12.0,12.0,15.0,5.0,4.0,10.0,12.0,7.0,15.0,16.0,9.0,2.5,8.0,13.0,17.0,6.0,14.0,11.0,5.0,5.0,3.0,2.0,3.0,2.5,3.5,2.0,2.0,3.0,3.0,2.0,2.5,23.0,pontevedra
Isra Cano,2000065444.0,9.5,13.5,11.5,4.5,3.0,17.5,11.5,10.5,4.5,0.0,0.0,0.0,0.0,3.5,12.5,12.5,9.5,0.0,13.5,3.0,16.0,0.0,8.5,8.5,6.5,7.5,4.5,13.5,0.0,16.5,15.5,3.0,0.0,12.5,0.0,4.5,0.0,0.0,0.0,0.0,0.0,0.0,0.0,0.0,0.0,0.0,0.0,27.0,pontevedra
Isaiah,2000194472.0,8.5,9.5,7.5,7.5,12.0,11.5,4.5,9.5,8.5,11.5,13.0,0.0,0.0,0.0,0.0,5.5,4.5,10.5,9.5,3.5,0.0,14.5,8.5,8.5,16.5,13.5,14.5,14.5,8.0,0.0,9.5,0.0,11.5,13.5,0.0,0.0,0.0,0.0,0.0,0.0,0.0,0.0,0.0,0.0,0.0,0.0,0.0,23.0,pontevedra
Gorka Arrizabalaga,2000683360.0,11.0,0.0,7.0,15.0,12.0,10.0,7.0,8.0,13.0,0.0,0.0,0.0,0.0,9.0,10.0,9.0,16.5,0.0,10.0,12.0,17.0,0.0,7.0,13.0,4.0,17.0,5.0,12.0,0.0,11.0,9.0,6.0,0.0,15.0,0.0,8.0,0.0,0.0,0.0,0.0,0.0,0.0,0.0,0.0,0.0,0.0,0.0,18.0,pontevedra
Álvaro Sánchez,2000685713.0,15.0,12.0,13.0,13.0,9.0,16.0,13.0,11.0,11.0,5.0,8.0,12.0,10.0,7.0,9.0,9.0,16.0,9.0,15.0,6.0,9.0,6.0,8.0,13.0,4.0,17.0,8.0,12.0,3.0,12.0,17.0,12.0,6.0,7.0,6.0,7.0,3.0,2.0,2.0,2.0,3.0,3.0,1.0,3.0,1.0,2.0,2.0,18.0,rsanb
Francesco Zamuner,2000626880.0,13.0,11.0,11.0,12.0,11.0,13.0,9.0,11.0,12.0,11.0,11.0,7.0,6.0,9.0,10.0,13.0,16.0,13.0,14.0,10.0,5.0,11.0,8.0,12.0,18.0,15.0,9.0,15.0,10.0,12.0,9.0,9.0,11.0,13.0,7.0,8.0,3.0,2.0,1.0,2.0,3.0,1.0,2.0,2.0,2.0,3.0,3.0,19.0,rsanb
Roberto van Brakel,2000572868.0,16.0,14.0,15.0,14.0,10.0,15.0,9.0,11.0,14.0,4.0,8.0,6.0,8.0,7.0,15.0,10.0,15.0,11.0,12.0,9.0,14.0,6.0,7.0,12.0,4.0,14.0,11.0,11.0,5.0,13.0,11.0,10.0,2.0,18.0,3.0,5.0,3.0,3.0,3.0,2.0,2.0,2.0,2.0,1.0,1.0,3.0,1.0,19.0,rsanb
Antonio Navarro,2000571902.0,16.0,15.0,13.0,12.0,9.0,9.0,8.0,9.0,15.0,12.0,13.0,8.0,5.0,3.0,8.0,9.0,12.0,10.0,14.0,4.0,9.0,9.0,4.0,11.0,17.0,14.0,8.0,15.0,8.0,9.0,15.0,7.0,8.0,16.0,8.0,4.0,2.0,3.0,2.0,1.0,3.0,2.0,1.0,4.0,2.0,3.0,4.0,20.0,rsanb
Vicente,2000571659.0,18.0,16.0,13.0,9.0,12.0,15.0,8.0,12.0,11.0,6.0,6.0,8.0,9.0,9.0,12.0,10.0,14.0,8.0,13.0,7.0,13.0,5.0,5.0,9.0,15.0,15.0,9.0,12.0,5.0,11.0,10.0,7.0,12.0,11.0,1.0,6.0,2.0,1.0,4.0,3.0,3.0,3.0,2.0,2.0,1.0,3.0,3.0,19.0,rsanb
Víctor,2000440738.0,13.0,13.0,11.0,9.0,9.0,13.0,13.0,15.0,13.0,10.0,10.0,14.0,11.0,11.0,13.0,14.0,14.0,13.0,12.0,10.0,12.0,10.0,11.0,12.0,5.0,14.0,13.0,13.0,8.0,14.0,12.0,11.0,6.0,15.0,9.0,9.0,1.0,3.0,1.0,3.0,1.0,3.0,1.0,3.0,1.0,1.0,1.0,22.0,rsanb
Gonzalo Cuadros,2000647507.0,12.0,16.0,16.0,13.0,10.0,14.0,10.0,12.0,11.0,9.0,6.0,7.0,5.0,8.0,10.0,15.0,16.0,11.0,14.0,10.0,11.0,5.0,5.0,10.0,7.0,15.0,6.0,16.0,5.0,13.0,11.0,6.0,10.0,15.0,3.0,9.0,1.0,2.0,1.0,1.0,1.0,3.0,1.0,4.0,3.0,3.0,3.0,19.0,rsanb
Manuel Bosch,2000514796.0,17.0,14.0,14.0,12.0,12.0,13.0,10.0,12.0,15.0,9.0,11.0,9.0,6.0,7.0,15.0,14.0,16.0,10.0,13.0,10.0,15.0,9.0,7.0,9.0,6.0,12.0,12.0,11.0,13.0,11.0,8.0,5.0,14.0,14.0,4.0,5.0,2.0,1.0,2.0,2.0,2.0,4.0,2.0,2.0,2.0,4.0,1.0,21.0,rsanb
Jannis Emde,2000504247.0,13.0,14.0,13.0,9.0,11.0,11.0,12.0,12.0,13.0,4.0,7.0,10.0,7.0,8.0,9.0,14.0,14.0,13.0,12.0,8.0,13.0,4.0,8.0,7.0,19.0,17.0,10.0,13.0,8.0,13.0,12.0,7.0,13.0,9.0,7.0,7.0,1.0,3.0,2.0,3.0,3.0,3.0,1.0,4.0,1.0,1.0,1.0,21.0,rsanb
Saverio van Lopik,2000437951.0,9.0,13.0,11.0,11.0,12.0,14.0,9.0,13.0,13.0,7.0,8.0,8.0,8.0,7.0,13.0,16.0,12.0,10.0,15.0,13.0,12.0,8.0,5.0,9.0,4.0,10.0,10.0,10.0,5.0,14.0,8.0,6.0,11.0,14.0,4.0,7.0,2.0,2.0,1.0,3.0,2.0,1.0,3.0,3.0,1.0,3.0,2.0,22.0,rsanb
Agustín Agirre,2000439259.0,13.0,12.0,12.0,14.0,13.0,16.0,6.0,10.0,13.0,14.0,13.0,7.0,7.0,7.0,9.0,12.0,12.0,14.0,15.0,10.0,12.0,12.0,7.0,12.0,16.0,17.0,11.0,12.0,14.0,8.0,9.0,6.0,5.0,13.0,9.0,4.0,4.0,3.0,1.0,3.0,3.0,3.0,2.0,2.0,2.0,2.0,1.0,21.0,rsanb
Scott Diaz,2000706461.0,14.0,13.0,13.0,10.0,8.0,12.0,8.0,14.0,12.0,11.0,9.0,12.0,8.0,8.0,11.0,15.0,16.0,15.0,15.0,8.0,7.0,9.0,14.0,14.0,16.0,11.0,8.0,17.0,8.0,13.0,12.0,9.0,9.0,15.0,3.0,9.0,3.0,3.0,1.0,3.0,1.0,3.0,3.0,1.0,3.0,2.0,3.0,18.0,rsanb
Marc Casadó,2000058198.0,12.0,17.0,15.0,10.0,11.0,12.0,10.0,13.0,11.0,6.0,8.0,5.0,6.0,4.0,12.0,12.0,12.0,13.0,14.0,9.0,13.0,10.0,11.0,12.0,8.0,11.0,11.0,14.0,7.0,14.0,14.0,5.0,10.0,14.0,6.0,8.0,3.0,2.5,3.0,2.5,3.0,3.0,2.0,2.0,1.5,4.0,4.0,25.0,rsantander
Juan De Dios Navarro,2000196452.0,16.0,14.0,13.0,13.0,11.0,9.0,13.0,8.0,13.0,5.0,7.0,0.0,0.0,5.0,9.0,11.0,16.0,8.0,8.0,6.0,17.0,6.0,4.0,11.0,5.0,14.0,6.0,9.0,7.0,8.0,8.0,7.0,10.0,11.0,0.0,0.0,0.0,0.0,0.0,0.0,0.0,0.0,0.0,0.0,0.0,0.0,0.0,23.0,rsantander
Esteban Herrera,2000663543.0,10.0,16.0,10.5,11.5,12.0,11.0,15.0,8.0,11.5,0.0,9.0,9.0,0.0,8.0,16.0,9.0,14.5,17.0,16.5,10.5,16.5,3.5,4.5,9.0,9.0,10.0,7.0,10.0,0.0,11.5,10.5,4.0,10.0,9.0,0.0,10.0,0.0,0.0,0.0,0.0,0.0,0.0,0.0,0.0,0.0,0.0,0.0,17.0,rsantander
Gabriel Blanco,2000200470.0,11.0,14.0,10.0,15.0,12.0,10.0,8.0,9.0,14.0,0.0,7.0,8.0,0.0,4.0,10.0,15.0,15.0,9.0,15.0,7.0,9.0,4.0,4.0,9.0,8.0,14.0,8.0,10.0,0.0,12.0,15.0,4.0,15.0,12.0,0.0,6.0,0.0,0.0,0.0,0.0,0.0,0.0,0.0,0.0,0.0,0.0,0.0,23.0,rsantander
Dani Villahermosa,2000049421.0,15.0,10.0,13.0,11.0,15.0,15.0,8.0,10.0,9.0,7.0,6.0,7.0,7.0,5.0,9.0,13.0,9.0,11.0,13.0,13.0,7.0,13.0,9.0,8.0,7.0,8.0,13.0,16.0,8.0,17.0,11.0,7.0,13.0,14.0,3.0,6.0,4.0,1.0,5.0,3.0,3.0,3.0,1.5,2.0,2.5,3.5,4.0,27.0,rsantander
Álvaro Goikoetxea,2000198139.0,10.0,9.5,10.0,14.0,11.5,13.0,10.5,12.5,14.0,10.5,12.5,8.5,9.5,6.5,10.5,15.0,12.0,10.5,17.0,12.0,11.5,11.0,6.0,13.0,10.5,12.5,11.0,13.5,11.5,11.0,10.0,8.0,12.0,12.0,4.5,6.5,2.0,4.0,1.5,4.5,2.5,1.5,4.0,3.5,2.0,1.5,1.5,23.0,sabadell
Aarón Rey,67228467.0,15.0,9.0,11.0,15.5,6.0,12.0,9.0,9.0,11.5,12.0,9.5,10.0,7.5,11.0,12.0,12.5,17.5,12.0,17.5,12.5,12.5,5.5,9.0,5.5,11.0,10.0,8.0,13.0,9.5,10.5,8.5,9.5,11.5,16.5,6.0,7.0,1.5,2.5,2.5,2.0,2.0,3.0,4.5,2.0,3.0,1.5,2.5,30.0,sabadell
Yago Santiago,28129860.0,16.0,12.0,12.0,14.0,13.0,10.0,10.0,10.0,10.0,11.0,5.0,9.0,8.0,14.0,9.0,16.0,13.0,5.0,16.0,10.0,13.0,11.0,8.0,16.0,5.0,18.0,7.0,7.0,9.0,9.0,14.0,8.0,10.0,10.0,7.0,4.0,4.0,3.0,3.0,2.0,3.0,2.0,2.0,2.5,5.0,3.0,3.0,25.0,sabadell
Antonio Manau,2000514807.0,9.5,9.5,8.5,12.5,13.5,8.5,5.5,7.5,11.5,8.0,7.5,0.0,0.0,0.0,0.0,7.5,5.5,10.5,13.5,6.5,0.0,5.5,12.5,7.5,6.0,9.0,8.5,12.5,10.5,0.0,14.5,0.0,10.5,7.5,0.0,0.0,0.0,0.0,0.0,0.0,0.0,0.0,0.0,0.0,0.0,0.0,0.0,21.0,sabadell
Gerard,2000633086.0,7.0,0.0,10.0,14.0,16.0,11.0,0.0,0.0,14.0,11.0,0.0,0.0,0.0,3.5,0.0,8.0,9.0,0.0,0.0,6.0,7.0,8.0,5.0,7.0,0.0,0.0,8.0,12.0,0.0,5.0,10.0,2.0,3.0,9.0,0.0,0.0,0.0,0.0,0.0,0.0,0.0,0.0,0.0,0.0,0.0,0.0,0.0,19.0,sabadell
David González,2000633083.0,10.0,0.0,7.0,17.0,7.0,10.0,3.0,6.0,17.0,0.0,0.0,0.0,0.0,7.0,4.5,9.0,10.0,0.0,15.0,10.0,5.0,0.0,1.5,12.0,0.0,0.0,11.0,12.0,0.0,3.5,0.0,4.0,0.0,0.0,0.0,3.5,0.0,0.0,0.0,0.0,0.0,0.0,0.0,0.0,0.0,0.0,0.0,19.0,sabadell
Arnau Solà,67296656.0,12.0,12.5,13.0,12.0,13.0,12.0,8.5,7.5,14.0,13.0,12.5,5.5,6.5,7.5,8.5,13.0,12.0,11.5,12.0,11.0,9.5,11.0,10.0,13.0,10.5,14.5,13.0,14.0,10.0,10.0,11.0,11.0,9.0,16.0,10.5,6.5,2.0,3.0,1.5,2.5,2.0,1.5,3.0,5.5,2.0,2.0,2.5,25.0,tarragona
Enrique Pedraza,2000194016.0,11.0,10.5,9.0,10.0,18.5,10.0,4.5,7.5,14.0,12.5,14.5,4.5,7.5,6.5,5.5,11.0,14.0,9.5,11.0,5.0,4.0,10.0,10.0,2.5,17.5,14.5,13.0,10.5,13.5,7.0,11.0,4.0,7.0,12.0,2.5,5.5,2.0,3.0,1.5,2.5,3.0,2.5,4.0,4.5,3.5,2.5,2.0,22.0,tarragona
Nassim Ramdane,2000572058.0,14.0,16.0,14.0,8.0,10.0,11.0,13.0,10.0,12.0,6.0,7.0,5.0,7.0,7.0,13.0,9.0,16.0,11.0,9.0,7.0,16.0,5.0,8.0,12.0,4.0,10.0,9.0,12.0,4.0,8.0,8.0,10.0,8.0,17.0,5.0,6.0,1.0,1.0,1.0,2.0,1.0,2.0,1.0,3.0,3.0,1.0,3.0,20.0,tarragona
Eneko Pérez,2000441528.0,9.0,14.0,11.0,9.0,16.0,7.0,8.0,8.0,12.0,13.0,12.0,5.0,6.0,4.0,8.0,5.0,5.0,13.0,15.0,7.0,7.0,10.0,9.0,10.0,15.0,10.0,11.0,12.0,12.0,8.0,10.0,4.0,7.0,13.0,5.0,8.0,2.5,4.0,2.0,5.0,1.5,4.0,2.5,3.0,3.0,2.0,2.5,22.0,tarragona
Yassin Fekir,48036660.0,12.0,14.0,11.5,13.0,5.0,14.0,13.0,14.0,6.0,7.5,6.5,11.5,9.5,9.5,13.0,14.5,12.0,12.0,11.0,9.0,11.5,4.5,5.0,14.5,11.5,7.5,8.0,13.0,2.5,12.5,12.5,12.5,10.5,13.5,4.0,12.0,2.5,2.5,2.5,1.5,3.5,3.0,1.5,2.0,2.5,3.5,3.0,31.0,tarragona
Eugeni,67169241.0,6.0,5.0,8.0,6.0,8.0,15.0,9.0,14.0,3.0,8.0,11.0,0.0,0.0,10.0,13.0,15.0,12.0,13.0,12.0,10.0,15.0,8.0,6.0,7.0,6.0,10.0,8.0,14.0,7.0,17.0,13.0,12.0,9.0,12.0,0.0,0.0,0.0,0.0,0.0,0.0,0.0,0.0,0.0,0.0,0.0,0.0,0.0,34.0,tarragona
Adrián Capapé,2000439539.0,13.0,13.0,15.0,14.0,13.0,16.0,9.0,12.0,13.0,14.0,11.0,11.0,6.0,12.0,12.0,17.5,14.0,9.0,14.0,12.0,11.0,11.0,9.0,18.0,10.0,18.5,12.0,9.0,9.0,12.0,12.0,9.0,15.0,13.0,4.0,4.0,2.0,4.0,2.0,3.0,3.5,1.5,4.0,3.0,4.0,2.0,2.5,22.0,zaragozab
Serafín Cabezas,2000629922.0,8.0,15.0,10.0,14.0,15.0,11.0,8.0,8.0,13.0,0.0,0.0,0.0,0.0,4.5,15.0,9.0,14.0,0.0,16.0,8.0,14.0,0.0,6.0,6.0,4.5,7.0,8.0,3.5,0.0,11.0,9.0,2.5,0.0,11.0,0.0,9.0,0.0,0.0,0.0,0.0,0.0,0.0,0.0,0.0,0.0,0.0,0.0,19.0,zaragozab
Ramón Alfaro,2000511082.0,16.0,12.0,10.0,14.0,12.0,7.0,7.0,8.0,12.0,10.0,9.0,7.0,6.0,0.0,8.0,12.0,11.0,8.0,13.0,9.0,10.0,6.0,7.0,10.0,11.0,14.0,12.0,12.0,8.0,9.0,12.0,9.0,12.0,15.0,8.0,2.5,0.0,0.0,0.0,0.0,0.0,0.0,0.0,0.0,0.0,0.0,0.0,21.0,zaragozab
Biel Cárdenas,2000629927.0,9.0,16.0,14.0,14.0,6.0,9.0,8.0,0.0,15.0,7.0,0.0,0.0,0.0,2.5,10.0,10.0,15.0,0.0,0.0,6.0,8.0,15.0,10.0,10.0,12.0,12.0,11.0,9.0,0.0,9.0,17.5,6.0,8.0,15.0,0.0,0.0,0.0,0.0,0.0,0.0,0.0,0.0,0.0,0.0,0.0,0.0,0.0,18.0,zaragozab
Iván Romero,2000629923.0,13.5,13.0,12.5,13.5,10.5,8.5,6.0,12.5,11.5,12.5,8.5,10.5,5.5,0.0,9.0,11.5,7.5,13.0,9.5,7.5,3.5,16.5,12.5,8.5,16.5,15.5,11.5,14.5,9.5,6.5,12.5,0.0,15.5,10.5,0.0,0.0,0.0,0.0,0.0,0.0,0.0,0.0,0.0,0.0,0.0,0.0,0.0,19.0,zaragozab
Félix Artigas,2000511083.0,10.0,17.0,11.0,13.0,5.0,11.0,13.0,7.0,12.0,4.0,7.0,0.0,0.0,5.0,11.0,8.0,14.0,11.0,8.0,7.0,5.0,6.0,8.0,11.0,4.0,9.0,6.0,4.0,8.0,10.0,11.0,8.0,13.0,8.0,0.0,0.0,0.0,0.0,0.0,0.0,0.0,0.0,0.0,0.0,0.0,0.0,0.0,21.0,zaragozab
Juan Manuel Mejías,2000442677.0,12.0,11.0,8.0,14.0,2.5,10.0,7.0,12.0,14.0,16.0,12.0,11.0,8.0,6.0,8.0,14.0,9.0,13.0,15.0,9.0,6.0,14.0,9.0,12.0,14.0,10.0,14.0,16.0,10.0,6.0,13.0,8.0,16.0,15.0,8.0,9.0,3.0,2.5,3.0,1.5,3.0,3.0,2.5,2.0,2.5,2.5,4.0,22.0,zaragozab
Ismael Bermudo,2000439534.0,13.0,12.0,10.0,13.0,13.0,11.0,7.0,12.0,12.0,14.0,9.0,0.0,0.0,5.0,6.0,12.0,13.0,16.0,10.0,7.0,2.0,12.0,7.0,13.0,16.0,14.0,12.0,13.0,11.0,11.0,13.0,9.0,9.0,10.0,0.0,0.0,0.0,0.0,0.0,0.0,0.0,0.0,0.0,0.0,0.0,0.0,0.0,21.0,zaragozab
Andrés Hernández,2000439538.0,12.0,15.0,16.0,14.0,6.0,9.0,7.0,8.0,16.0,11.0,13.0,6.0,6.0,0.0,6.0,7.0,13.0,14.0,15.0,6.0,5.0,14.0,7.0,17.0,13.0,7.0,12.0,6.0,11.0,8.0,14.0,0.0,9.0,13.0,0.0,0.0,0.0,0.0,0.0,0.0,0.0,0.0,0.0,0.0,0.0,0.0,0.0,22.0,zaragozab
Juma Haule,2000570456.0,11.5,16.5,16.5,11.0,12.5,15.5,11.5,7.5,15.0,3.5,8.5,0.0,0.0,2.5,11.5,7.5,14.0,10.5,13.0,7.0,14.5,9.5,9.5,9.5,8.5,7.5,10.5,8.5,6.5,11.5,17.5,6.5,7.5,12.5,0.0,0.0,0.0,0.0,0.0,0.0,0.0,0.0,0.0,0.0,0.0,0.0,0.0,20.0,zaragozab
